00000.jpg,0
00001.jpg,0
00002.jpg,0
00003.jpg,0
00004.jpg,0
00005.jpg,0
00006.jpg,0
00007.jpg,0
00008.jpg,0
00009.jpg,0
00010.jpg,0
00011.jpg,0
00012.jpg,0
00013.jpg,0
00014.jpg,0
00015.jpg,0
00016.jpg,0
00017.jpg,0
00018.jpg,0
00019.jpg,0
00020.jpg,0
00021.jpg,0
00022.jpg,0
00023.jpg,0
00024.jpg,0
00025.jpg,0
00026.jpg,0
00027.jpg,0
00028.jpg,0
00029.jpg,0
00030.jpg,0
00031.jpg,0
00032.jpg,0
00033.jpg,0
00034.jpg,0
00035.jpg,0
00036.jpg,0
00037.jpg,0
00038.jpg,0
00039.jpg,0
00040.jpg,0
00041.jpg,0
00042.jpg,0
00043.jpg,0
00044.jpg,0
00045.jpg,0
00046.jpg,0
00047.jpg,0
00048.jpg,0
00049.jpg,0
00050.jpg,0
00051.jpg,0
00052.jpg,0
00053.jpg,0
00054.jpg,0
00055.jpg,0
00056.jpg,0
00057.jpg,0
00058.jpg,0
00059.jpg,0
00060.jpg,0
00061.jpg,1
00062.jpg,1
00063.jpg,1
00064.jpg,1
00065.jpg,1
00066.jpg,1
00067.jpg,1
00068.jpg,1
00069.jpg,1
00070.jpg,1
00071.jpg,1
00072.jpg,1
00073.jpg,1
00074.jpg,1
00075.jpg,1
00076.jpg,1
00077.jpg,1
00078.jpg,1
00079.jpg,1
00080.jpg,1
00081.jpg,1
00082.jpg,1
00083.jpg,1
00084.jpg,1
00085.jpg,1
00086.jpg,1
00087.jpg,1
00088.jpg,1
00089.jpg,1
00090.jpg,1
00091.jpg,1
00092.jpg,1
00093.jpg,1
00094.jpg,1
00095.jpg,1
00096.jpg,1
00097.jpg,1
00098.jpg,1
00099.jpg,1
00100.jpg,1
00101.jpg,1
00102.jpg,1
00103.jpg,1
00104.jpg,1
00105.jpg,2
00106.jpg,2
00107.jpg,2
00108.jpg,2
00109.jpg,2
00110.jpg,2
00111.jpg,2
00112.jpg,2
00113.jpg,2
00114.jpg,2
00115.jpg,2
00116.jpg,2
00117.jpg,2
00118.jpg,2
00119.jpg,2
00120.jpg,2
00121.jpg,2
00122.jpg,2
00123.jpg,2
00124.jpg,2
00125.jpg,2
00126.jpg,2
00127.jpg,2
00128.jpg,2
00129.jpg,2
00130.jpg,2
00131.jpg,2
00132.jpg,2
00133.jpg,2
00134.jpg,2
00135.jpg,2
00136.jpg,2
00137.jpg,2
00138.jpg,2
00139.jpg,2
00140.jpg,2
00141.jpg,2
00142.jpg,2
00143.jpg,2
00144.jpg,2
00145.jpg,2
00146.jpg,2
00147.jpg,2
00148.jpg,2
00149.jpg,2
00150.jpg,2
00151.jpg,2
00152.jpg,2
00153.jpg,2
00154.jpg,2
00155.jpg,2
00156.jpg,2
00157.jpg,2
00158.jpg,2
00159.jpg,2
00160.jpg,2
00161.jpg,2
00162.jpg,2
00163.jpg,2
00164.jpg,2
00165.jpg,2
00166.jpg,2
00167.jpg,2
00168.jpg,2
00169.jpg,2
00170.jpg,2
00171.jpg,2
00172.jpg,2
00173.jpg,2
00174.jpg,2
00175.jpg,2
00176.jpg,2
00177.jpg,2
00178.jpg,2
00179.jpg,2
00180.jpg,2
00181.jpg,2
00182.jpg,2
00183.jpg,2
00184.jpg,2
00185.jpg,2
00186.jpg,2
00187.jpg,2
00188.jpg,2
00189.jpg,2
00190.jpg,2
00191.jpg,0
00192.jpg,0
00193.jpg,0
00194.jpg,0
00195.jpg,0
00196.jpg,0
00197.jpg,0
00198.jpg,0
00199.jpg,0
00200.jpg,0
