epoch,acc
1,0.6338495575221239
2,0.827433628318584
3,0.8683628318584071
4,0.8860619469026548
5,0.9070796460176991
6,0.9148230088495575
7,0.9148230088495575
8,0.9269911504424779
9,0.9380530973451328
10,0.9424778761061947
11,0.9380530973451328
12,0.952433628318584
13,0.9513274336283186
14,0.952433628318584
15,0.9579646017699115
16,0.952433628318584
17,0.9679203539823009
18,0.9657079646017699
19,0.9668141592920354
20,0.9701327433628318
21,0.9723451327433629
22,0.9734513274336283
23,0.9756637168141593
24,0.9823008849557522
25,0.9789823008849557
26,0.9811946902654868
27,0.9823008849557522
28,0.9834070796460177
29,0.9845132743362832
30,0.9856194690265486
31,0.9867256637168141
32,0.9867256637168141
33,0.9867256637168141
34,0.9867256637168141
35,0.9878318584070797
36,0.9878318584070797
37,0.9878318584070797
38,0.9878318584070797
39,0.9878318584070797
40,0.9878318584070797
41,0.9878318584070797
42,0.9878318584070797
43,0.9878318584070797
44,0.9878318584070797
45,0.9878318584070797
46,0.9878318584070797
47,0.9878318584070797
48,0.9878318584070797
49,0.9878318584070797
50,0.9878318584070797
1,0.8543046357615894
